{"atlasScale":[0.55078125,0.37109375],"width":141,"atlasOffset":[0.00390625,0.00390625],"atlasId":"atlases/o0","webFormats":[],"height":95,"md5":"e66afb923de16ee04dd6d7450a1a7150"}